<?xml version="1.0" encoding="UTF-8"?>
<Document id="0000409" source="ADAM" url="https://www.nlm.nih.gov/medlineplus/ency/article/001186.htm">
 <!--Answers from the A.D.A.M. medical encyclopedia were removed to comply with the MedlinePlus copyright-->
<Focus>Beckwith-Wiedemann syndrome</Focus>
<FocusAnnotations>
	<Category>Disease</Category>
	<UMLS>
		<CUIs>
			<CUI>C0004903</CUI>
		</CUIs>
		<SemanticTypes>
			<SemanticType>T019</SemanticType>
			<SemanticType>T047</SemanticType>
		</SemanticTypes>
		<SemanticGroup>Disorders</SemanticGroup>
	</UMLS>
</FocusAnnotations>
<QAPairs>
	<QAPair pid="1">
			<Question qid="0000409-1" qtype="information">What is (are) Beckwith-Wiedemann syndrome ?</Question>
			<Answer></Answer>
	</QAPair>
	<QAPair pid="2">
			<Question qid="0000409-2" qtype="causes">What causes Beckwith-Wiedemann syndrome ?</Question>
			<Answer></Answer>
	</QAPair>
	<QAPair pid="3">
			<Question qid="0000409-3" qtype="symptoms">What are the symptoms of Beckwith-Wiedemann syndrome ?</Question>
			<Answer></Answer>
	</QAPair>
	<QAPair pid="4">
			<Question qid="0000409-4" qtype="exams and tests">How to diagnose Beckwith-Wiedemann syndrome ?</Question>
			<Answer></Answer>
	</QAPair>
	<QAPair pid="5">
			<Question qid="0000409-5" qtype="treatment">What are the treatments for Beckwith-Wiedemann syndrome ?</Question>
			<Answer></Answer>
	</QAPair>
	<QAPair pid="6">
			<Question qid="0000409-6" qtype="outlook">What is the outlook for Beckwith-Wiedemann syndrome ?</Question>
			<Answer></Answer>
	</QAPair>
	<QAPair pid="7">
			<Question qid="0000409-7" qtype="complications">What are the complications of Beckwith-Wiedemann syndrome ?</Question>
			<Answer></Answer>
	</QAPair>
	<QAPair pid="8">
			<Question qid="0000409-8" qtype="when to contact a medical professional">Do I need to see a doctor for Beckwith-Wiedemann syndrome ?</Question>
			<Answer></Answer>
	</QAPair>
	<QAPair pid="9">
			<Question qid="0000409-9" qtype="prevention">How to prevent Beckwith-Wiedemann syndrome ?</Question>
			<Answer></Answer>
	</QAPair>
</QAPairs>
</Document>
