<?xml version="1.0" encoding="UTF-8"?>
<Document id="0000397" source="ADAM" url="https://www.nlm.nih.gov/medlineplus/ency/article/001143.htm">
 <!--Answers from the A.D.A.M. medical encyclopedia were removed to comply with the MedlinePlus copyright-->
<Focus>Barrett esophagus</Focus>
<FocusAnnotations>
	<Category>Disease</Category>
	<UMLS>
		<CUIs>
			<CUI>C0004763</CUI>
		</CUIs>
		<SemanticTypes>
			<SemanticType>T047</SemanticType>
		</SemanticTypes>
		<SemanticGroup>Disorders</SemanticGroup>
	</UMLS>
	<Synonyms>
		<Synonym>Barrett's esophagus</Synonym>
		<Synonym>GERD - Barrett</Synonym>
		<Synonym>Reflux - Barrett</Synonym>
	</Synonyms>
</FocusAnnotations>
<QAPairs>
	<QAPair pid="1">
			<Question qid="0000397-1" qtype="information">What is (are) Barrett esophagus ?</Question>
			<Answer></Answer>
	</QAPair>
	<QAPair pid="2">
			<Question qid="0000397-2" qtype="causes">What causes Barrett esophagus ?</Question>
			<Answer></Answer>
	</QAPair>
	<QAPair pid="3">
			<Question qid="0000397-3" qtype="symptoms">What are the symptoms of Barrett esophagus ?</Question>
			<Answer></Answer>
	</QAPair>
	<QAPair pid="4">
			<Question qid="0000397-4" qtype="exams and tests">How to diagnose Barrett esophagus ?</Question>
			<Answer></Answer>
	</QAPair>
	<QAPair pid="5">
			<Question qid="0000397-5" qtype="treatment">What are the treatments for Barrett esophagus ?</Question>
			<Answer></Answer>
	</QAPair>
	<QAPair pid="6">
			<Question qid="0000397-6" qtype="outlook">What is the outlook for Barrett esophagus ?</Question>
			<Answer></Answer>
	</QAPair>
	<QAPair pid="7">
			<Question qid="0000397-7" qtype="when to contact a medical professional">Do I need to see a doctor for Barrett esophagus ?</Question>
			<Answer></Answer>
	</QAPair>
	<QAPair pid="8">
			<Question qid="0000397-8" qtype="prevention">How to prevent Barrett esophagus ?</Question>
			<Answer></Answer>
	</QAPair>
</QAPairs>
</Document>
