<?xml version="1.0" encoding="UTF-8"?>
<Document id="0000479" source="ADAM" url="https://www.nlm.nih.gov/medlineplus/ency/article/001146.htm">
 <!--Answers from the A.D.A.M. medical encyclopedia were removed to comply with the MedlinePlus copyright-->
<Focus>Blind loop syndrome</Focus>
<FocusAnnotations>
	<Category>Disease</Category>
	<UMLS>
		<CUIs>
			<CUI>C0005750</CUI>
		</CUIs>
		<SemanticTypes>
			<SemanticType>T047</SemanticType>
		</SemanticTypes>
		<SemanticGroup>Disorders</SemanticGroup>
	</UMLS>
	<Synonyms>
		<Synonym>Stasis syndrome</Synonym>
		<Synonym>Stagnant loop syndrome</Synonym>
	</Synonyms>
</FocusAnnotations>
<QAPairs>
	<QAPair pid="1">
			<Question qid="0000479-1" qtype="information">What is (are) Blind loop syndrome ?</Question>
			<Answer></Answer>
	</QAPair>
	<QAPair pid="2">
			<Question qid="0000479-2" qtype="causes">What causes Blind loop syndrome ?</Question>
			<Answer></Answer>
	</QAPair>
	<QAPair pid="3">
			<Question qid="0000479-3" qtype="symptoms">What are the symptoms of Blind loop syndrome ?</Question>
			<Answer></Answer>
	</QAPair>
	<QAPair pid="4">
			<Question qid="0000479-4" qtype="exams and tests">How to diagnose Blind loop syndrome ?</Question>
			<Answer></Answer>
	</QAPair>
	<QAPair pid="5">
			<Question qid="0000479-5" qtype="treatment">What are the treatments for Blind loop syndrome ?</Question>
			<Answer></Answer>
	</QAPair>
	<QAPair pid="6">
			<Question qid="0000479-6" qtype="outlook">What is the outlook for Blind loop syndrome ?</Question>
			<Answer></Answer>
	</QAPair>
	<QAPair pid="7">
			<Question qid="0000479-7" qtype="complications">What are the complications of Blind loop syndrome ?</Question>
			<Answer></Answer>
	</QAPair>
	<QAPair pid="8">
			<Question qid="0000479-8" qtype="when to contact a medical professional">Do I need to see a doctor for Blind loop syndrome ?</Question>
			<Answer></Answer>
	</QAPair>
</QAPairs>
</Document>
