<?xml version="1.0" encoding="UTF-8"?>
<Document id="0000456" source="ADAM" url="https://www.nlm.nih.gov/medlineplus/ency/patientinstructions/000655.htm">
 <!--Answers from the A.D.A.M. medical encyclopedia were removed to comply with the MedlinePlus copyright-->
<Focus>Birth control pills - combination</Focus>
<FocusAnnotations>
	<Category>Disease</Category>
	<UMLS>
		<CUIs>
			<CUI>C3811910</CUI>
		</CUIs>
		<SemanticTypes>
			<SemanticType>T033</SemanticType>
		</SemanticTypes>
		<SemanticGroup>Disorders</SemanticGroup>
	</UMLS>
	<Synonyms>
		<Synonym>The pill - combination</Synonym>
		<Synonym>Oral contraceptives - combination</Synonym>
		<Synonym>OCP - combination</Synonym>
		<Synonym>Contraception - combination</Synonym>
	</Synonyms>
</FocusAnnotations>
<QAPairs>
	<QAPair pid="1">
			<Question qid="0000456-1" qtype="information">What is (are) Birth control pills - combination ?</Question>
			<Answer></Answer>
	</QAPair>
	<QAPair pid="2">
			<Question qid="0000456-2" qtype="information">What is (are) Birth control pills - combination ?</Question>
			<Answer></Answer>
	</QAPair>
	<QAPair pid="6">
			<Question qid="0000456-6" qtype="outlook">What is the outlook for Birth control pills - combination ?</Question>
			<Answer></Answer>
	</QAPair>
	<QAPair pid="8">
			<Question qid="0000456-8" qtype="when to contact a medical professional">Do I need to see a doctor for Birth control pills - combination ?</Question>
			<Answer></Answer>
	</QAPair>
</QAPairs>
</Document>
