<?xml version="1.0" encoding="UTF-8"?>
<Document id="0000499" source="ADAM" url="https://www.nlm.nih.gov/medlineplus/ency/article/002888.htm">
 <!--Answers from the A.D.A.M. medical encyclopedia were removed to comply with the MedlinePlus copyright-->
<Focus>Blue nightshade poisoning</Focus>
<FocusAnnotations>
	<Category>Other</Category>
	<Synonyms>
		<Synonym>Bittersweet poisoning</Synonym>
		<Synonym>Bitter nightshade poisoning</Synonym>
		<Synonym>Scarlet berry poisoning</Synonym>
		<Synonym>Weedy nightshade poisoning</Synonym>
	</Synonyms>
</FocusAnnotations>
<QAPairs>
	<QAPair pid="1">
			<Question qid="0000499-1" qtype="information">Do you have information about Blue nightshade poisoning</Question>
			<Answer></Answer>
	</QAPair>
</QAPairs>
</Document>
