<?xml version="1.0" encoding="UTF-8"?>
<Document id="0000491" source="ADAM" url="https://www.nlm.nih.gov/medlineplus/ency/article/007482.htm">
 <!--Answers from the A.D.A.M. medical encyclopedia were removed to comply with the MedlinePlus copyright-->
<Focus>Blood pressure monitors for home</Focus>
<FocusAnnotations>
	<Category>Other</Category>
	<Synonyms>
		<Synonym>Hypertension - home monitoring</Synonym>
	</Synonyms>
</FocusAnnotations>
<QAPairs>
	<QAPair pid="1">
			<Question qid="0000491-1" qtype="information">Do you have information about Blood pressure monitors for home</Question>
			<Answer></Answer>
	</QAPair>
</QAPairs>
</Document>
