<?xml version="1.0" encoding="UTF-8"?>
<Document id="0000496" source="ADAM" url="https://www.nlm.nih.gov/medlineplus/ency/patientinstructions/000453.htm">
 <!--Answers from the A.D.A.M. medical encyclopedia were removed to comply with the MedlinePlus copyright-->
<Focus>Bloodborne pathogens</Focus>
<FocusAnnotations>
	<Category>Other</Category>
	<Synonyms>
		<Synonym>Bloodborne infections</Synonym>
	</Synonyms>
</FocusAnnotations>
<QAPairs>
	<QAPair pid="1">
			<Question qid="0000496-1" qtype="information">Do you have information about Bloodborne pathogens</Question>
			<Answer></Answer>
	</QAPair>
</QAPairs>
</Document>
