<?xml version="1.0" encoding="UTF-8"?>
<Document id="0000465" source="ADAM" url="https://www.nlm.nih.gov/medlineplus/ency/article/000486.htm">
 <!--Answers from the A.D.A.M. medical encyclopedia were removed to comply with the MedlinePlus copyright-->
<Focus>Bladder cancer</Focus>
<FocusAnnotations>
	<Category>Disease</Category>
	<UMLS>
		<CUIs>
			<CUI>C0699885</CUI>
			<CUI>C0005684</CUI>
		</CUIs>
		<SemanticTypes>
			<SemanticType>T191</SemanticType>
		</SemanticTypes>
		<SemanticGroup>Disorders</SemanticGroup>
	</UMLS>
	<Synonyms>
		<Synonym>Transitional cell carcinoma of the bladder</Synonym>
		<Synonym>Urothelial cancer</Synonym>
	</Synonyms>
</FocusAnnotations>
<QAPairs>
	<QAPair pid="1">
			<Question qid="0000465-1" qtype="information">What is (are) Bladder cancer ?</Question>
			<Answer></Answer>
	</QAPair>
	<QAPair pid="2">
			<Question qid="0000465-2" qtype="causes">What causes Bladder cancer ?</Question>
			<Answer></Answer>
	</QAPair>
	<QAPair pid="3">
			<Question qid="0000465-3" qtype="symptoms">What are the symptoms of Bladder cancer ?</Question>
			<Answer></Answer>
	</QAPair>
	<QAPair pid="4">
			<Question qid="0000465-4" qtype="exams and tests">How to diagnose Bladder cancer ?</Question>
			<Answer></Answer>
	</QAPair>
	<QAPair pid="5">
			<Question qid="0000465-5" qtype="treatment">What are the treatments for Bladder cancer ?</Question>
			<Answer></Answer>
	</QAPair>
	<QAPair pid="6">
			<Question qid="0000465-6" qtype="support groups">Where to find support for people with Bladder cancer ?</Question>
			<Answer></Answer>
	</QAPair>
	<QAPair pid="7">
			<Question qid="0000465-7" qtype="outlook">What is the outlook for Bladder cancer ?</Question>
			<Answer></Answer>
	</QAPair>
	<QAPair pid="8">
			<Question qid="0000465-8" qtype="complications">What are the complications of Bladder cancer ?</Question>
			<Answer></Answer>
	</QAPair>
	<QAPair pid="9">
			<Question qid="0000465-9" qtype="when to contact a medical professional">Do I need to see a doctor for Bladder cancer ?</Question>
			<Answer></Answer>
	</QAPair>
	<QAPair pid="10">
			<Question qid="0000465-10" qtype="prevention">How to prevent Bladder cancer ?</Question>
			<Answer></Answer>
	</QAPair>
</QAPairs>
</Document>
