<?xml version="1.0" encoding="UTF-8"?>
<Document id="0000399" source="ADAM" url="https://www.nlm.nih.gov/medlineplus/ency/article/000308.htm">
 <!--Answers from the A.D.A.M. medical encyclopedia were removed to comply with the MedlinePlus copyright-->
<Focus>Bartter syndrome</Focus>
<FocusAnnotations>
	<Category>Disease</Category>
	<UMLS>
		<CUIs>
			<CUI>C0004775</CUI>
		</CUIs>
		<SemanticTypes>
			<SemanticType>T047</SemanticType>
		</SemanticTypes>
		<SemanticGroup>Disorders</SemanticGroup>
	</UMLS>
	<Synonyms>
		<Synonym>Potassium wasting</Synonym>
		<Synonym>Salt-wasting nephropathy</Synonym>
	</Synonyms>
</FocusAnnotations>
<QAPairs>
	<QAPair pid="1">
			<Question qid="0000399-1" qtype="information">What is (are) Bartter syndrome ?</Question>
			<Answer></Answer>
	</QAPair>
	<QAPair pid="2">
			<Question qid="0000399-2" qtype="causes">What causes Bartter syndrome ?</Question>
			<Answer></Answer>
	</QAPair>
	<QAPair pid="3">
			<Question qid="0000399-3" qtype="symptoms">What are the symptoms of Bartter syndrome ?</Question>
			<Answer></Answer>
	</QAPair>
	<QAPair pid="4">
			<Question qid="0000399-4" qtype="exams and tests">How to diagnose Bartter syndrome ?</Question>
			<Answer></Answer>
	</QAPair>
	<QAPair pid="5">
			<Question qid="0000399-5" qtype="treatment">What are the treatments for Bartter syndrome ?</Question>
			<Answer></Answer>
	</QAPair>
	<QAPair pid="6">
			<Question qid="0000399-6" qtype="outlook">What is the outlook for Bartter syndrome ?</Question>
			<Answer></Answer>
	</QAPair>
	<QAPair pid="7">
			<Question qid="0000399-7" qtype="complications">What are the complications of Bartter syndrome ?</Question>
			<Answer></Answer>
	</QAPair>
	<QAPair pid="8">
			<Question qid="0000399-8" qtype="when to contact a medical professional">Do I need to see a doctor for Bartter syndrome ?</Question>
			<Answer></Answer>
	</QAPair>
</QAPairs>
</Document>
