<?xml version="1.0" encoding="UTF-8"?>
<Document id="0000488" source="ADAM" url="https://www.nlm.nih.gov/medlineplus/ency/article/003855.htm">
 <!--Answers from the A.D.A.M. medical encyclopedia were removed to comply with the MedlinePlus copyright-->
<Focus>Blood gases</Focus>
<FocusAnnotations>
	<Category>Other</Category>
	<Synonyms>
		<Synonym>Arterial blood gas analysis</Synonym>
		<Synonym>ABG</Synonym>
	</Synonyms>
</FocusAnnotations>
<QAPairs>
	<QAPair pid="1">
			<Question qid="0000488-1" qtype="information">Do you have information about Blood gases</Question>
			<Answer></Answer>
	</QAPair>
</QAPairs>
</Document>
