<?xml version="1.0" encoding="UTF-8"?>
<Document id="0000458" source="ADAM" url="https://www.nlm.nih.gov/medlineplus/ency/patientinstructions/000656.htm">
 <!--Answers from the A.D.A.M. medical encyclopedia were removed to comply with the MedlinePlus copyright-->
<Focus>Birth control pills - progestin only</Focus>
<FocusAnnotations>
	<Category>Other</Category>
	<Synonyms>
		<Synonym>Mini-pill</Synonym>
		<Synonym>the pill - progestin</Synonym>
		<Synonym>Oral contraceptives - progestin</Synonym>
		<Synonym>OCP - progestin</Synonym>
		<Synonym>Contraception - progestin</Synonym>
	</Synonyms>
</FocusAnnotations>
<QAPairs>
	<QAPair pid="1">
			<Question qid="0000458-1" qtype="information">Do you have information about Birth control pills - progestin only</Question>
			<Answer></Answer>
	</QAPair>
</QAPairs>
</Document>
