<?xml version="1.0" encoding="UTF-8"?>
<Document id="0000426" source="ADAM" url="https://www.nlm.nih.gov/medlineplus/ency/article/003977.htm">
 <!--Answers from the A.D.A.M. medical encyclopedia were removed to comply with the MedlinePlus copyright-->
<Focus>Benign prostate hyperplasia (BPH) - resources</Focus>
<FocusAnnotations>
	<Category>Disease</Category>
	<UMLS>
		<CUIs>
			<CUI>C0005001</CUI>
			<CUI>C1704272</CUI>
		</CUIs>
		<SemanticTypes>
			<SemanticType>T191</SemanticType>
			<SemanticType>T046</SemanticType>
		</SemanticTypes>
		<SemanticGroup>Disorders</SemanticGroup>
	</UMLS>
	<Synonyms>
		<Synonym>Resources - benign prostatic hyperplasia (BPH)</Synonym>
		<Synonym>Prostate enlargement resources</Synonym>
		<Synonym>BPH resources</Synonym>
	</Synonyms>
</FocusAnnotations>
<QAPairs>
	<QAPair pid="1">
			<Question qid="0000426-1" qtype="information">What is (are) Benign prostate hyperplasia (BPH) - resources ?</Question>
			<Answer></Answer>
	</QAPair>
</QAPairs>
</Document>
