<?xml version="1.0" encoding="UTF-8"?>
<Document id="0000457" source="ADAM" url="https://www.nlm.nih.gov/medlineplus/ency/article/007460.htm">
 <!--Answers from the A.D.A.M. medical encyclopedia were removed to comply with the MedlinePlus copyright-->
<Focus>Birth control pills - overview</Focus>
<FocusAnnotations>
	<Category>Other</Category>
	<Synonyms>
		<Synonym>Contraception - pills - hormonal methods</Synonym>
		<Synonym>Hormonal birth control methods</Synonym>
		<Synonym>Birth control pills</Synonym>
		<Synonym>Contraceptive pills</Synonym>
		<Synonym>BCP</Synonym>
		<Synonym>OCP</Synonym>
	</Synonyms>
</FocusAnnotations>
<QAPairs>
	<QAPair pid="1">
			<Question qid="0000457-1" qtype="information">Do you have information about Birth control pills - overview</Question>
			<Answer></Answer>
	</QAPair>
</QAPairs>
</Document>
