<?xml version="1.0" encoding="UTF-8"?>
<Document id="0000472" source="ADAM" url="https://www.nlm.nih.gov/medlineplus/ency/article/001304.htm">
 <!--Answers from the A.D.A.M. medical encyclopedia were removed to comply with the MedlinePlus copyright-->
<Focus>Bleeding disorders</Focus>
<FocusAnnotations>
	<Category>Disease</Category>
	<UMLS>
		<CUIs>
			<CUI>C1458140</CUI>
			<CUI>C0005779</CUI>
			<CUI>C0012634</CUI>
		</CUIs>
		<SemanticTypes>
			<SemanticType>T046</SemanticType>
			<SemanticType>T047</SemanticType>
		</SemanticTypes>
		<SemanticGroup>Disorders</SemanticGroup>
	</UMLS>
	<Synonyms>
		<Synonym>Coagulopathy</Synonym>
	</Synonyms>
</FocusAnnotations>
<QAPairs>
	<QAPair pid="1">
			<Question qid="0000472-1" qtype="information">What is (are) Bleeding disorders ?</Question>
			<Answer></Answer>
	</QAPair>
	<QAPair pid="2">
			<Question qid="0000472-2" qtype="causes">What causes Bleeding disorders ?</Question>
			<Answer></Answer>
	</QAPair>
	<QAPair pid="3">
			<Question qid="0000472-3" qtype="symptoms">What are the symptoms of Bleeding disorders ?</Question>
			<Answer></Answer>
	</QAPair>
	<QAPair pid="4">
			<Question qid="0000472-4" qtype="exams and tests">How to diagnose Bleeding disorders ?</Question>
			<Answer></Answer>
	</QAPair>
	<QAPair pid="5">
			<Question qid="0000472-5" qtype="treatment">What are the treatments for Bleeding disorders ?</Question>
			<Answer></Answer>
	</QAPair>
	<QAPair pid="6">
			<Question qid="0000472-6" qtype="outlook">What is the outlook for Bleeding disorders ?</Question>
			<Answer></Answer>
	</QAPair>
	<QAPair pid="7">
			<Question qid="0000472-7" qtype="complications">What are the complications of Bleeding disorders ?</Question>
			<Answer></Answer>
	</QAPair>
	<QAPair pid="8">
			<Question qid="0000472-8" qtype="when to contact a medical professional">Do I need to see a doctor for Bleeding disorders ?</Question>
			<Answer></Answer>
	</QAPair>
	<QAPair pid="9">
			<Question qid="0000472-9" qtype="prevention">How to prevent Bleeding disorders ?</Question>
			<Answer></Answer>
	</QAPair>
</QAPairs>
</Document>
