<?xml version="1.0" encoding="UTF-8"?>
<Document id="0000425" source="ADAM" url="https://www.nlm.nih.gov/medlineplus/ency/patientinstructions/000745.htm">
 <!--Answers from the A.D.A.M. medical encyclopedia were removed to comply with the MedlinePlus copyright-->
<Focus>Benign positional vertigo - aftercare</Focus>
<FocusAnnotations>
	<Category>Disease</Category>
	<UMLS>
		<CUIs>
			<CUI>C0155502</CUI>
		</CUIs>
		<SemanticTypes>
			<SemanticType>T047</SemanticType>
		</SemanticTypes>
		<SemanticGroup>Disorders</SemanticGroup>
	</UMLS>
	<Synonyms>
		<Synonym>Vertigo - positional - aftercare</Synonym>
		<Synonym>Benign paroxysmal positional vertigo - aftercare</Synonym>
		<Synonym>BPPV - aftercare</Synonym>
	</Synonyms>
</FocusAnnotations>
<QAPairs>
	<QAPair pid="1">
			<Question qid="0000425-1" qtype="information">What is (are) Benign positional vertigo - aftercare ?</Question>
			<Answer></Answer>
	</QAPair>
	<QAPair pid="2">
			<Question qid="0000425-2" qtype="outlook">What is the outlook for Benign positional vertigo - aftercare ?</Question>
			<Answer></Answer>
	</QAPair>
	<QAPair pid="4">
			<Question qid="0000425-4" qtype="when to contact a medical professional">Do I need to see a doctor for Benign positional vertigo - aftercare ?</Question>
			<Answer></Answer>
	</QAPair>
</QAPairs>
</Document>
