<?xml version="1.0" encoding="UTF-8"?>
<Document id="0000408" source="ADAM" url="https://www.nlm.nih.gov/medlineplus/ency/article/000706.htm">
 <!--Answers from the A.D.A.M. medical encyclopedia were removed to comply with the MedlinePlus copyright-->
<Focus>Becker muscular dystrophy</Focus>
<FocusAnnotations>
	<Category>Disease</Category>
	<UMLS>
		<CUIs>
			<CUI>C0026850</CUI>
			<CUI>C0917713</CUI>
		</CUIs>
		<SemanticTypes>
			<SemanticType>T019</SemanticType>
			<SemanticType>T047</SemanticType>
		</SemanticTypes>
		<SemanticGroup>Disorders</SemanticGroup>
	</UMLS>
	<Synonyms>
		<Synonym>Benign pseudohypertrophic muscular dystrophy</Synonym>
		<Synonym>Becker's dystrophy</Synonym>
	</Synonyms>
</FocusAnnotations>
<QAPairs>
	<QAPair pid="1">
			<Question qid="0000408-1" qtype="information">What is (are) Becker muscular dystrophy ?</Question>
			<Answer></Answer>
	</QAPair>
	<QAPair pid="2">
			<Question qid="0000408-2" qtype="causes">What causes Becker muscular dystrophy ?</Question>
			<Answer></Answer>
	</QAPair>
	<QAPair pid="3">
			<Question qid="0000408-3" qtype="symptoms">What are the symptoms of Becker muscular dystrophy ?</Question>
			<Answer></Answer>
	</QAPair>
	<QAPair pid="4">
			<Question qid="0000408-4" qtype="exams and tests">How to diagnose Becker muscular dystrophy ?</Question>
			<Answer></Answer>
	</QAPair>
	<QAPair pid="5">
			<Question qid="0000408-5" qtype="treatment">What are the treatments for Becker muscular dystrophy ?</Question>
			<Answer></Answer>
	</QAPair>
	<QAPair pid="6">
			<Question qid="0000408-6" qtype="support groups">Where to find support for people with Becker muscular dystrophy ?</Question>
			<Answer></Answer>
	</QAPair>
	<QAPair pid="7">
			<Question qid="0000408-7" qtype="outlook">What is the outlook for Becker muscular dystrophy ?</Question>
			<Answer></Answer>
	</QAPair>
	<QAPair pid="8">
			<Question qid="0000408-8" qtype="complications">What are the complications of Becker muscular dystrophy ?</Question>
			<Answer></Answer>
	</QAPair>
	<QAPair pid="9">
			<Question qid="0000408-9" qtype="when to contact a medical professional">Do I need to see a doctor for Becker muscular dystrophy ?</Question>
			<Answer></Answer>
	</QAPair>
	<QAPair pid="10">
			<Question qid="0000408-10" qtype="prevention">How to prevent Becker muscular dystrophy ?</Question>
			<Answer></Answer>
	</QAPair>
</QAPairs>
</Document>
