<?xml version="1.0" encoding="UTF-8"?>
<Document id="0000377" source="ADAM" url="https://www.nlm.nih.gov/medlineplus/ency/article/003329.htm">
 <!--Answers from the A.D.A.M. medical encyclopedia were removed to comply with the MedlinePlus copyright-->
<Focus>B and T cell screen</Focus>
<FocusAnnotations>
	<Category>Other</Category>
	<Synonyms>
		<Synonym>Direct immunofluorescence</Synonym>
		<Synonym>E-rosetting</Synonym>
		<Synonym>T and B lymphocyte assays</Synonym>
		<Synonym>B and T lymphocyte assays</Synonym>
	</Synonyms>
</FocusAnnotations>
<QAPairs>
	<QAPair pid="1">
			<Question qid="0000377-1" qtype="information">Do you have information about B and T cell screen</Question>
			<Answer></Answer>
	</QAPair>
</QAPairs>
</Document>
