<?xml version="1.0" encoding="UTF-8"?>
<Document id="0000477" source="ADAM" url="https://www.nlm.nih.gov/medlineplus/ency/article/003656.htm">
 <!--Answers from the A.D.A.M. medical encyclopedia were removed to comply with the MedlinePlus copyright-->
<Focus>Bleeding time</Focus>
<FocusAnnotations>
	<Category>Other</Category>
</FocusAnnotations>
<QAPairs>
	<QAPair pid="1">
			<Question qid="0000477-1" qtype="information">Do you have information about Bleeding time</Question>
			<Answer></Answer>
	</QAPair>
</QAPairs>
</Document>
