<?xml version="1.0" encoding="UTF-8"?>
<Document id="0000484" source="ADAM" url="https://www.nlm.nih.gov/medlineplus/ency/article/001124.htm">
 <!--Answers from the A.D.A.M. medical encyclopedia were removed to comply with the MedlinePlus copyright-->
<Focus>Blood clots</Focus>
<FocusAnnotations>
	<Category>Other</Category>
	<Synonyms>
		<Synonym>Clot</Synonym>
		<Synonym>Emboli</Synonym>
		<Synonym>Thrombi</Synonym>
		<Synonym>Hypercoagulable state</Synonym>
	</Synonyms>
</FocusAnnotations>
<QAPairs>
	<QAPair pid="1">
			<Question qid="0000484-1" qtype="information">Do you have information about Blood clots</Question>
			<Answer></Answer>
	</QAPair>
</QAPairs>
</Document>
