<?xml version="1.0" encoding="UTF-8"?>
<Document id="0000468" source="ADAM" url="https://www.nlm.nih.gov/medlineplus/ency/article/001275.htm">
 <!--Answers from the A.D.A.M. medical encyclopedia were removed to comply with the MedlinePlus copyright-->
<Focus>Bladder stones</Focus>
<FocusAnnotations>
	<Category>Disease</Category>
	<UMLS>
		<CUIs>
			<CUI>C0005683</CUI>
		</CUIs>
		<SemanticTypes>
			<SemanticType>T047</SemanticType>
		</SemanticTypes>
		<SemanticGroup>Disorders</SemanticGroup>
	</UMLS>
	<Synonyms>
		<Synonym>Stones - bladder</Synonym>
		<Synonym>Urinary tract stones</Synonym>
		<Synonym>Bladder calculi</Synonym>
	</Synonyms>
</FocusAnnotations>
<QAPairs>
	<QAPair pid="1">
			<Question qid="0000468-1" qtype="information">What is (are) Bladder stones ?</Question>
			<Answer></Answer>
	</QAPair>
	<QAPair pid="2">
			<Question qid="0000468-2" qtype="causes">What causes Bladder stones ?</Question>
			<Answer></Answer>
	</QAPair>
	<QAPair pid="3">
			<Question qid="0000468-3" qtype="symptoms">What are the symptoms of Bladder stones ?</Question>
			<Answer></Answer>
	</QAPair>
	<QAPair pid="4">
			<Question qid="0000468-4" qtype="exams and tests">How to diagnose Bladder stones ?</Question>
			<Answer></Answer>
	</QAPair>
	<QAPair pid="5">
			<Question qid="0000468-5" qtype="treatment">What are the treatments for Bladder stones ?</Question>
			<Answer></Answer>
	</QAPair>
	<QAPair pid="6">
			<Question qid="0000468-6" qtype="outlook">What is the outlook for Bladder stones ?</Question>
			<Answer></Answer>
	</QAPair>
	<QAPair pid="7">
			<Question qid="0000468-7" qtype="when to contact a medical professional">Do I need to see a doctor for Bladder stones ?</Question>
			<Answer></Answer>
	</QAPair>
	<QAPair pid="8">
			<Question qid="0000468-8" qtype="prevention">How to prevent Bladder stones ?</Question>
			<Answer></Answer>
	</QAPair>
</QAPairs>
</Document>
