<?xml version="1.0" encoding="UTF-8"?>
<Document id="0000413" source="ADAM" url="https://www.nlm.nih.gov/medlineplus/ency/article/002847.htm">
 <!--Answers from the A.D.A.M. medical encyclopedia were removed to comply with the MedlinePlus copyright-->
<Focus>Bee poison</Focus>
<FocusAnnotations>
	<Category>Other</Category>
	<Synonyms>
		<Synonym>Apitoxin poisoning</Synonym>
		<Synonym>Apis venenum purum poisoning</Synonym>
		<Synonym>Apis virus poisoning</Synonym>
	</Synonyms>
</FocusAnnotations>
<QAPairs>
	<QAPair pid="1">
			<Question qid="0000413-1" qtype="information">Do you have information about Bee poison</Question>
			<Answer></Answer>
	</QAPair>
</QAPairs>
</Document>
