<?xml version="1.0" encoding="UTF-8"?>
<Document id="0000400" source="ADAM" url="https://www.nlm.nih.gov/medlineplus/ency/article/000824.htm">
 <!--Answers from the A.D.A.M. medical encyclopedia were removed to comply with the MedlinePlus copyright-->
<Focus>Basal cell skin cancer</Focus>
<FocusAnnotations>
	<Category>Disease</Category>
	<UMLS>
		<CUIs>
			<CUI>C0751676</CUI>
			<CUI>C0007117</CUI>
		</CUIs>
		<SemanticTypes>
			<SemanticType>T191</SemanticType>
		</SemanticTypes>
		<SemanticGroup>Disorders</SemanticGroup>
	</UMLS>
	<Synonyms>
		<Synonym>Basal cell carcinoma</Synonym>
		<Synonym>Rodent ulcer</Synonym>
		<Synonym>Skin cancer - basal cell</Synonym>
		<Synonym>Cancer - skin - basal cell</Synonym>
		<Synonym>Nonmelanoma skin cancer</Synonym>
		<Synonym>Basal cell NMSC</Synonym>
		<Synonym>Basal cell epithelioma</Synonym>
	</Synonyms>
</FocusAnnotations>
<QAPairs>
	<QAPair pid="1">
			<Question qid="0000400-1" qtype="information">What is (are) Basal cell skin cancer ?</Question>
			<Answer></Answer>
	</QAPair>
	<QAPair pid="2">
			<Question qid="0000400-2" qtype="causes">What causes Basal cell skin cancer ?</Question>
			<Answer></Answer>
	</QAPair>
	<QAPair pid="3">
			<Question qid="0000400-3" qtype="symptoms">What are the symptoms of Basal cell skin cancer ?</Question>
			<Answer></Answer>
	</QAPair>
	<QAPair pid="4">
			<Question qid="0000400-4" qtype="exams and tests">How to diagnose Basal cell skin cancer ?</Question>
			<Answer></Answer>
	</QAPair>
	<QAPair pid="5">
			<Question qid="0000400-5" qtype="treatment">What are the treatments for Basal cell skin cancer ?</Question>
			<Answer></Answer>
	</QAPair>
	<QAPair pid="6">
			<Question qid="0000400-6" qtype="support groups">Where to find support for people with Basal cell skin cancer ?</Question>
			<Answer></Answer>
	</QAPair>
	<QAPair pid="7">
			<Question qid="0000400-7" qtype="outlook">What is the outlook for Basal cell skin cancer ?</Question>
			<Answer></Answer>
	</QAPair>
	<QAPair pid="8">
			<Question qid="0000400-8" qtype="complications">What are the complications of Basal cell skin cancer ?</Question>
			<Answer></Answer>
	</QAPair>
	<QAPair pid="9">
			<Question qid="0000400-9" qtype="when to contact a medical professional">Do I need to see a doctor for Basal cell skin cancer ?</Question>
			<Answer></Answer>
	</QAPair>
	<QAPair pid="10">
			<Question qid="0000400-10" qtype="prevention">How to prevent Basal cell skin cancer ?</Question>
			<Answer></Answer>
	</QAPair>
</QAPairs>
</Document>
