<?xml version="1.0" encoding="UTF-8"?>
<Document id="0000421" source="ADAM" url="https://www.nlm.nih.gov/medlineplus/ency/article/007532.htm">
 <!--Answers from the A.D.A.M. medical encyclopedia were removed to comply with the MedlinePlus copyright-->
<Focus>Benefits of quitting tobacco</Focus>
<FocusAnnotations>
	<Category>Other</Category>
	<Synonyms>
		<Synonym>Secondhand smoke</Synonym>
		<Synonym>Cigarette smoking - quitting</Synonym>
		<Synonym>Tobacco cessation</Synonym>
		<Synonym>Smoking and smokeless tobacco - quitting</Synonym>
		<Synonym>Why you should quit smoking</Synonym>
	</Synonyms>
</FocusAnnotations>
<QAPairs>
	<QAPair pid="1">
			<Question qid="0000421-1" qtype="information">Do you have information about Benefits of quitting tobacco</Question>
			<Answer></Answer>
	</QAPair>
</QAPairs>
</Document>
