<?xml version="1.0" encoding="UTF-8"?>
<Document id="0000470" source="ADAM" url="https://www.nlm.nih.gov/medlineplus/ency/article/000102.htm">
 <!--Answers from the A.D.A.M. medical encyclopedia were removed to comply with the MedlinePlus copyright-->
<Focus>Blastomycosis</Focus>
<FocusAnnotations>
	<Category>Disease</Category>
	<UMLS>
		<CUIs>
			<CUI>C0005716</CUI>
		</CUIs>
		<SemanticTypes>
			<SemanticType>T047</SemanticType>
		</SemanticTypes>
		<SemanticGroup>Disorders</SemanticGroup>
	</UMLS>
	<Synonyms>
		<Synonym>North American blastomycosis</Synonym>
		<Synonym>Gilchrist's disease</Synonym>
	</Synonyms>
</FocusAnnotations>
<QAPairs>
	<QAPair pid="1">
			<Question qid="0000470-1" qtype="information">What is (are) Blastomycosis ?</Question>
			<Answer></Answer>
	</QAPair>
	<QAPair pid="2">
			<Question qid="0000470-2" qtype="causes">What causes Blastomycosis ?</Question>
			<Answer></Answer>
	</QAPair>
	<QAPair pid="3">
			<Question qid="0000470-3" qtype="symptoms">What are the symptoms of Blastomycosis ?</Question>
			<Answer></Answer>
	</QAPair>
	<QAPair pid="4">
			<Question qid="0000470-4" qtype="exams and tests">How to diagnose Blastomycosis ?</Question>
			<Answer></Answer>
	</QAPair>
	<QAPair pid="5">
			<Question qid="0000470-5" qtype="treatment">What are the treatments for Blastomycosis ?</Question>
			<Answer></Answer>
	</QAPair>
	<QAPair pid="6">
			<Question qid="0000470-6" qtype="outlook">What is the outlook for Blastomycosis ?</Question>
			<Answer></Answer>
	</QAPair>
	<QAPair pid="7">
			<Question qid="0000470-7" qtype="complications">What are the complications of Blastomycosis ?</Question>
			<Answer></Answer>
	</QAPair>
	<QAPair pid="8">
			<Question qid="0000470-8" qtype="when to contact a medical professional">Do I need to see a doctor for Blastomycosis ?</Question>
			<Answer></Answer>
	</QAPair>
	<QAPair pid="9">
			<Question qid="0000470-9" qtype="prevention">How to prevent Blastomycosis ?</Question>
			<Answer></Answer>
	</QAPair>
</QAPairs>
</Document>
